ordered_features,unordered_features,ordered_ratio,total_features,grid_size,run_id,steps_to_convergence,unique_cultures,largest_domain_size,largest_domain_percentage,avg_cultural_distance
5,0,100.0,5,10,0,44915,1,100,100.0,0.0
5,0,100.0,5,10,1,54590,1,100,100.0,0.0
5,0,100.0,5,10,2,43526,2,99,99.0,0.022222222222222223
5,0,100.0,5,10,3,51175,1,100,100.0,0.0
5,0,100.0,5,10,4,59290,1,100,100.0,0.0
5,0,100.0,5,10,5,58082,1,100,100.0,0.0
5,0,100.0,5,10,6,36052,1,100,100.0,0.0
5,0,100.0,5,10,7,48251,1,100,100.0,0.0
5,0,100.0,5,10,8,29299,1,100,100.0,0.0
5,0,100.0,5,10,9,24418,1,100,100.0,0.0
5,0,100.0,5,10,10,42803,1,100,100.0,0.0
5,0,100.0,5,10,11,69054,2,99,99.0,0.022222222222222223
5,0,100.0,5,10,12,79483,1,100,100.0,0.0
5,0,100.0,5,10,13,72590,1,100,100.0,0.0
5,0,100.0,5,10,14,32443,1,100,100.0,0.0
5,0,100.0,5,10,15,39376,1,100,100.0,0.0
5,0,100.0,5,10,16,67098,1,100,100.0,0.0
5,0,100.0,5,10,17,92388,1,100,100.0,0.0
5,0,100.0,5,10,18,90549,2,96,96.0,0.022222222222222223
5,0,100.0,5,10,19,25836,1,100,100.0,0.0
5,0,100.0,5,10,20,37601,2,99,99.0,0.011111111111111112
5,0,100.0,5,10,21,31199,1,100,100.0,0.0
5,0,100.0,5,10,22,56867,1,100,100.0,0.0
5,0,100.0,5,10,23,32751,1,100,100.0,0.0
5,0,100.0,5,10,24,62633,1,100,100.0,0.0
5,0,100.0,5,10,25,27666,1,100,100.0,0.0
5,0,100.0,5,10,26,27594,1,100,100.0,0.0
5,0,100.0,5,10,27,36325,1,100,100.0,0.0
5,0,100.0,5,10,28,42148,1,100,100.0,0.0
5,0,100.0,5,10,29,34548,1,100,100.0,0.0
5,0,100.0,5,10,30,71439,1,100,100.0,0.0
5,0,100.0,5,10,31,60390,1,100,100.0,0.0
5,0,100.0,5,10,32,45346,1,100,100.0,0.0
5,0,100.0,5,10,33,54824,1,100,100.0,0.0
5,0,100.0,5,10,34,82998,1,100,100.0,0.0
5,0,100.0,5,10,35,88456,1,100,100.0,0.0
5,0,100.0,5,10,36,60307,1,100,100.0,0.0
5,0,100.0,5,10,37,62258,1,100,100.0,0.0
5,0,100.0,5,10,38,42912,1,100,100.0,0.0
5,0,100.0,5,10,39,115310,1,100,100.0,0.0
5,0,100.0,5,10,40,56365,1,100,100.0,0.0
5,0,100.0,5,10,41,37546,1,100,100.0,0.0
5,0,100.0,5,10,42,118943,1,100,100.0,0.0
5,0,100.0,5,10,43,30843,1,100,100.0,0.0
5,0,100.0,5,10,44,37419,1,100,100.0,0.0
5,0,100.0,5,10,45,36505,1,100,100.0,0.0
5,0,100.0,5,10,46,58363,1,100,100.0,0.0
5,0,100.0,5,10,47,76597,1,100,100.0,0.0
5,0,100.0,5,10,48,73540,1,100,100.0,0.0
5,0,100.0,5,10,49,53662,1,100,100.0,0.0
5,0,100.0,5,10,50,19777,1,100,100.0,0.0
5,0,100.0,5,10,51,62913,1,100,100.0,0.0
5,0,100.0,5,10,52,46854,1,100,100.0,0.0
5,0,100.0,5,10,53,42359,1,100,100.0,0.0
5,0,100.0,5,10,54,35072,1,100,100.0,0.0
5,0,100.0,5,10,55,140030,1,100,100.0,0.0
5,0,100.0,5,10,56,46633,1,100,100.0,0.0
5,0,100.0,5,10,57,52141,1,100,100.0,0.0
5,0,100.0,5,10,58,94245,1,100,100.0,0.0
5,0,100.0,5,10,59,34283,1,100,100.0,0.0
5,0,100.0,5,10,60,31283,1,100,100.0,0.0
5,0,100.0,5,10,61,74417,1,100,100.0,0.0
5,0,100.0,5,10,62,33263,1,100,100.0,0.0
5,0,100.0,5,10,63,66398,1,100,100.0,0.0
5,0,100.0,5,10,64,54112,1,100,100.0,0.0
5,0,100.0,5,10,65,65087,1,100,100.0,0.0
5,0,100.0,5,10,66,55485,1,100,100.0,0.0
5,0,100.0,5,10,67,30921,1,100,100.0,0.0
5,0,100.0,5,10,68,44735,1,100,100.0,0.0
5,0,100.0,5,10,69,44008,1,100,100.0,0.0
5,0,100.0,5,10,70,58138,1,100,100.0,0.0
5,0,100.0,5,10,71,41452,1,100,100.0,0.0
5,0,100.0,5,10,72,42621,2,99,99.0,0.016666666666666666
5,0,100.0,5,10,73,30139,1,100,100.0,0.0
5,0,100.0,5,10,74,48224,1,100,100.0,0.0
5,0,100.0,5,10,75,49379,1,100,100.0,0.0
5,0,100.0,5,10,76,33843,1,100,100.0,0.0
5,0,100.0,5,10,77,110447,1,100,100.0,0.0
5,0,100.0,5,10,78,44193,1,100,100.0,0.0
5,0,100.0,5,10,79,74653,1,100,100.0,0.0
5,0,100.0,5,10,80,35620,1,100,100.0,0.0
5,0,100.0,5,10,81,93821,1,100,100.0,0.0
5,0,100.0,5,10,82,71653,1,100,100.0,0.0
5,0,100.0,5,10,83,136035,1,100,100.0,0.0
5,0,100.0,5,10,84,74488,3,97,97.0,0.044444444444444446
5,0,100.0,5,10,85,83691,1,100,100.0,0.0
5,0,100.0,5,10,86,45095,1,100,100.0,0.0
5,0,100.0,5,10,87,87284,1,100,100.0,0.0
5,0,100.0,5,10,88,75334,1,100,100.0,0.0
5,0,100.0,5,10,89,76777,1,100,100.0,0.0
5,0,100.0,5,10,90,52625,1,100,100.0,0.0
5,0,100.0,5,10,91,71351,1,100,100.0,0.0
5,0,100.0,5,10,92,70353,1,100,100.0,0.0
5,0,100.0,5,10,93,69242,1,100,100.0,0.0
5,0,100.0,5,10,94,94274,1,100,100.0,0.0
5,0,100.0,5,10,95,56605,1,100,100.0,0.0
5,0,100.0,5,10,96,39226,1,100,100.0,0.0
5,0,100.0,5,10,97,29702,1,100,100.0,0.0
5,0,100.0,5,10,98,35014,1,100,100.0,0.0
5,0,100.0,5,10,99,64357,1,100,100.0,0.0
5,0,100.0,5,10,100,70931,1,100,100.0,0.0
5,0,100.0,5,10,101,74918,1,100,100.0,0.0
5,0,100.0,5,10,102,47462,1,100,100.0,0.0
5,0,100.0,5,10,103,40496,1,100,100.0,0.0
5,0,100.0,5,10,104,48810,1,100,100.0,0.0
5,0,100.0,5,10,105,71269,1,100,100.0,0.0
5,0,100.0,5,10,106,28152,1,100,100.0,0.0
5,0,100.0,5,10,107,40000,1,100,100.0,0.0
5,0,100.0,5,10,108,44562,2,99,99.0,0.016666666666666666
5,0,100.0,5,10,109,42526,1,100,100.0,0.0
5,0,100.0,5,10,110,37878,2,99,99.0,0.022222222222222223
5,0,100.0,5,10,111,63912,1,100,100.0,0.0
5,0,100.0,5,10,112,75487,2,99,99.0,0.016666666666666666
5,0,100.0,5,10,113,32687,1,100,100.0,0.0
5,0,100.0,5,10,114,81901,1,100,100.0,0.0
5,0,100.0,5,10,115,72284,1,100,100.0,0.0
5,0,100.0,5,10,116,152513,1,100,100.0,0.0
5,0,100.0,5,10,117,80134,1,100,100.0,0.0
5,0,100.0,5,10,118,46225,1,100,100.0,0.0
5,0,100.0,5,10,119,42219,1,100,100.0,0.0
5,0,100.0,5,10,120,42323,1,100,100.0,0.0
5,0,100.0,5,10,121,98840,1,100,100.0,0.0
5,0,100.0,5,10,122,55308,1,100,100.0,0.0
5,0,100.0,5,10,123,28281,1,100,100.0,0.0
5,0,100.0,5,10,124,35866,1,100,100.0,0.0
5,0,100.0,5,10,125,47279,1,100,100.0,0.0
5,0,100.0,5,10,126,53051,1,100,100.0,0.0
5,0,100.0,5,10,127,30748,1,100,100.0,0.0
5,0,100.0,5,10,128,26679,1,100,100.0,0.0
5,0,100.0,5,10,129,56353,1,100,100.0,0.0
5,0,100.0,5,10,130,49394,1,100,100.0,0.0
5,0,100.0,5,10,131,36672,1,100,100.0,0.0
5,0,100.0,5,10,132,84771,1,100,100.0,0.0
5,0,100.0,5,10,133,46190,1,100,100.0,0.0
5,0,100.0,5,10,134,40706,1,100,100.0,0.0
5,0,100.0,5,10,135,80214,1,100,100.0,0.0
5,0,100.0,5,10,136,23680,2,99,99.0,0.022222222222222223
5,0,100.0,5,10,137,43437,1,100,100.0,0.0
5,0,100.0,5,10,138,71458,1,100,100.0,0.0
5,0,100.0,5,10,139,52932,1,100,100.0,0.0
5,0,100.0,5,10,140,39917,1,100,100.0,0.0
5,0,100.0,5,10,141,70223,2,99,99.0,0.016666666666666666
5,0,100.0,5,10,142,65536,1,100,100.0,0.0
5,0,100.0,5,10,143,17186,2,99,99.0,0.016666666666666666
5,0,100.0,5,10,144,56734,1,100,100.0,0.0
5,0,100.0,5,10,145,51250,1,100,100.0,0.0
5,0,100.0,5,10,146,50533,1,100,100.0,0.0
5,0,100.0,5,10,147,35244,1,100,100.0,0.0
5,0,100.0,5,10,148,89546,1,100,100.0,0.0
5,0,100.0,5,10,149,49143,1,100,100.0,0.0
5,0,100.0,5,10,150,39170,1,100,100.0,0.0
5,0,100.0,5,10,151,68585,1,100,100.0,0.0
5,0,100.0,5,10,152,20377,1,100,100.0,0.0
5,0,100.0,5,10,153,26154,1,100,100.0,0.0
5,0,100.0,5,10,154,67736,1,100,100.0,0.0
5,0,100.0,5,10,155,50535,1,100,100.0,0.0
5,0,100.0,5,10,156,71633,2,99,99.0,0.022222222222222223
5,0,100.0,5,10,157,60769,1,100,100.0,0.0
5,0,100.0,5,10,158,35270,2,99,99.0,0.016666666666666666
5,0,100.0,5,10,159,31984,1,100,100.0,0.0
5,0,100.0,5,10,160,93585,1,100,100.0,0.0
5,0,100.0,5,10,161,73179,1,100,100.0,0.0
5,0,100.0,5,10,162,44364,1,100,100.0,0.0
5,0,100.0,5,10,163,54761,1,100,100.0,0.0
5,0,100.0,5,10,164,59287,1,100,100.0,0.0
5,0,100.0,5,10,165,69406,1,100,100.0,0.0
5,0,100.0,5,10,166,54001,1,100,100.0,0.0
5,0,100.0,5,10,167,52716,1,100,100.0,0.0
5,0,100.0,5,10,168,58806,1,100,100.0,0.0
5,0,100.0,5,10,169,44218,1,100,100.0,0.0
5,0,100.0,5,10,170,99546,1,100,100.0,0.0
5,0,100.0,5,10,171,99404,1,100,100.0,0.0
5,0,100.0,5,10,172,50050,1,100,100.0,0.0
5,0,100.0,5,10,173,38548,1,100,100.0,0.0
5,0,100.0,5,10,174,36547,1,100,100.0,0.0
5,0,100.0,5,10,175,25810,1,100,100.0,0.0
5,0,100.0,5,10,176,99352,1,100,100.0,0.0
5,0,100.0,5,10,177,29112,1,100,100.0,0.0
5,0,100.0,5,10,178,51022,1,100,100.0,0.0
5,0,100.0,5,10,179,32248,1,100,100.0,0.0
5,0,100.0,5,10,180,37423,1,100,100.0,0.0
5,0,100.0,5,10,181,40556,1,100,100.0,0.0
5,0,100.0,5,10,182,41972,1,100,100.0,0.0
5,0,100.0,5,10,183,37718,1,100,100.0,0.0
5,0,100.0,5,10,184,55689,1,100,100.0,0.0
5,0,100.0,5,10,185,51379,1,100,100.0,0.0
5,0,100.0,5,10,186,103627,1,100,100.0,0.0
5,0,100.0,5,10,187,37696,1,100,100.0,0.0
5,0,100.0,5,10,188,48744,2,99,99.0,0.016666666666666666
5,0,100.0,5,10,189,63639,1,100,100.0,0.0
5,0,100.0,5,10,190,41465,1,100,100.0,0.0
5,0,100.0,5,10,191,49966,1,100,100.0,0.0
5,0,100.0,5,10,192,73468,1,100,100.0,0.0
5,0,100.0,5,10,193,51144,1,100,100.0,0.0
5,0,100.0,5,10,194,52032,1,100,100.0,0.0
5,0,100.0,5,10,195,50856,1,100,100.0,0.0
5,0,100.0,5,10,196,104065,1,100,100.0,0.0
5,0,100.0,5,10,197,52349,1,100,100.0,0.0
5,0,100.0,5,10,198,71736,1,100,100.0,0.0
5,0,100.0,5,10,199,74229,1,100,100.0,0.0
4,1,80.0,5,10,0,64791,1,100,100.0,0.0
4,1,80.0,5,10,1,64766,1,100,100.0,0.0
4,1,80.0,5,10,2,44753,1,100,100.0,0.0
4,1,80.0,5,10,3,48802,1,100,100.0,0.0
4,1,80.0,5,10,4,75543,1,100,100.0,0.0
4,1,80.0,5,10,5,58118,2,99,99.0,0.016666666666666666
4,1,80.0,5,10,6,51226,1,100,100.0,0.0
4,1,80.0,5,10,7,46726,1,100,100.0,0.0
4,1,80.0,5,10,8,45860,1,100,100.0,0.0
4,1,80.0,5,10,9,57758,1,100,100.0,0.0
4,1,80.0,5,10,10,43973,1,100,100.0,0.0
4,1,80.0,5,10,11,29709,1,100,100.0,0.0
4,1,80.0,5,10,12,82278,1,100,100.0,0.0
4,1,80.0,5,10,13,54455,1,100,100.0,0.0
4,1,80.0,5,10,14,38449,1,100,100.0,0.0
4,1,80.0,5,10,15,65492,1,100,100.0,0.0
4,1,80.0,5,10,16,42944,1,100,100.0,0.0
4,1,80.0,5,10,17,74523,1,100,100.0,0.0
4,1,80.0,5,10,18,44470,1,100,100.0,0.0
4,1,80.0,5,10,19,119691,1,100,100.0,0.0
4,1,80.0,5,10,20,70232,1,100,100.0,0.0
4,1,80.0,5,10,21,84163,1,100,100.0,0.0
4,1,80.0,5,10,22,35379,1,100,100.0,0.0
4,1,80.0,5,10,23,160765,1,100,100.0,0.0
4,1,80.0,5,10,24,61022,1,100,100.0,0.0
4,1,80.0,5,10,25,40534,1,100,100.0,0.0
4,1,80.0,5,10,26,64256,1,100,100.0,0.0
4,1,80.0,5,10,27,98530,1,100,100.0,0.0
4,1,80.0,5,10,28,29350,1,100,100.0,0.0
4,1,80.0,5,10,29,80176,1,100,100.0,0.0
4,1,80.0,5,10,30,64557,1,100,100.0,0.0
4,1,80.0,5,10,31,39525,1,100,100.0,0.0
4,1,80.0,5,10,32,52375,1,100,100.0,0.0
4,1,80.0,5,10,33,78960,1,100,100.0,0.0
4,1,80.0,5,10,34,46992,1,100,100.0,0.0
4,1,80.0,5,10,35,35952,1,100,100.0,0.0
4,1,80.0,5,10,36,52584,1,100,100.0,0.0
4,1,80.0,5,10,37,47758,1,100,100.0,0.0
4,1,80.0,5,10,38,38569,1,100,100.0,0.0
4,1,80.0,5,10,39,44196,1,100,100.0,0.0
4,1,80.0,5,10,40,62689,1,100,100.0,0.0
4,1,80.0,5,10,41,51746,1,100,100.0,0.0
4,1,80.0,5,10,42,42680,1,100,100.0,0.0
4,1,80.0,5,10,43,48008,1,100,100.0,0.0
4,1,80.0,5,10,44,59323,1,100,100.0,0.0
4,1,80.0,5,10,45,82726,1,100,100.0,0.0
4,1,80.0,5,10,46,43888,1,100,100.0,0.0
4,1,80.0,5,10,47,67825,1,100,100.0,0.0
4,1,80.0,5,10,48,61719,1,100,100.0,0.0
4,1,80.0,5,10,49,24827,1,100,100.0,0.0
4,1,80.0,5,10,50,93556,1,100,100.0,0.0
4,1,80.0,5,10,51,72083,1,100,100.0,0.0
4,1,80.0,5,10,52,87207,1,100,100.0,0.0
4,1,80.0,5,10,53,46736,1,100,100.0,0.0
4,1,80.0,5,10,54,58381,1,100,100.0,0.0
4,1,80.0,5,10,55,46881,1,100,100.0,0.0
4,1,80.0,5,10,56,29200,1,100,100.0,0.0
4,1,80.0,5,10,57,49228,1,100,100.0,0.0
4,1,80.0,5,10,58,39607,1,100,100.0,0.0
4,1,80.0,5,10,59,86044,1,100,100.0,0.0
4,1,80.0,5,10,60,44669,1,100,100.0,0.0
4,1,80.0,5,10,61,33521,1,100,100.0,0.0
4,1,80.0,5,10,62,75135,1,100,100.0,0.0
4,1,80.0,5,10,63,80952,1,100,100.0,0.0
4,1,80.0,5,10,64,60429,1,100,100.0,0.0
4,1,80.0,5,10,65,38012,1,100,100.0,0.0
4,1,80.0,5,10,66,70894,1,100,100.0,0.0
4,1,80.0,5,10,67,59849,1,100,100.0,0.0
4,1,80.0,5,10,68,59320,1,100,100.0,0.0
4,1,80.0,5,10,69,51290,1,100,100.0,0.0
4,1,80.0,5,10,70,67964,1,100,100.0,0.0
4,1,80.0,5,10,71,31267,1,100,100.0,0.0
4,1,80.0,5,10,72,50124,1,100,100.0,0.0
4,1,80.0,5,10,73,33216,1,100,100.0,0.0
4,1,80.0,5,10,74,56257,1,100,100.0,0.0
4,1,80.0,5,10,75,64502,1,100,100.0,0.0
4,1,80.0,5,10,76,42639,2,99,99.0,0.022222222222222223
4,1,80.0,5,10,77,51513,1,100,100.0,0.0
4,1,80.0,5,10,78,40634,1,100,100.0,0.0
4,1,80.0,5,10,79,42928,1,100,100.0,0.0
4,1,80.0,5,10,80,70543,1,100,100.0,0.0
4,1,80.0,5,10,81,77204,1,100,100.0,0.0
4,1,80.0,5,10,82,44992,1,100,100.0,0.0
4,1,80.0,5,10,83,78131,1,100,100.0,0.0
4,1,80.0,5,10,84,64335,1,100,100.0,0.0
4,1,80.0,5,10,85,77954,1,100,100.0,0.0
4,1,80.0,5,10,86,60743,1,100,100.0,0.0
4,1,80.0,5,10,87,61529,1,100,100.0,0.0
4,1,80.0,5,10,88,59616,1,100,100.0,0.0
4,1,80.0,5,10,89,49474,1,100,100.0,0.0
4,1,80.0,5,10,90,77237,1,100,100.0,0.0
4,1,80.0,5,10,91,37740,1,100,100.0,0.0
4,1,80.0,5,10,92,54334,1,100,100.0,0.0
4,1,80.0,5,10,93,69278,1,100,100.0,0.0
4,1,80.0,5,10,94,80654,1,100,100.0,0.0
4,1,80.0,5,10,95,53229,1,100,100.0,0.0
4,1,80.0,5,10,96,47509,1,100,100.0,0.0
4,1,80.0,5,10,97,64523,1,100,100.0,0.0
4,1,80.0,5,10,98,91696,1,100,100.0,0.0
4,1,80.0,5,10,99,103517,1,100,100.0,0.0
4,1,80.0,5,10,100,65984,1,100,100.0,0.0
4,1,80.0,5,10,101,30164,1,100,100.0,0.0
4,1,80.0,5,10,102,56570,1,100,100.0,0.0
4,1,80.0,5,10,103,49300,1,100,100.0,0.0
4,1,80.0,5,10,104,46746,1,100,100.0,0.0
4,1,80.0,5,10,105,65074,1,100,100.0,0.0
4,1,80.0,5,10,106,46846,1,100,100.0,0.0
4,1,80.0,5,10,107,77846,1,100,100.0,0.0
4,1,80.0,5,10,108,41726,1,100,100.0,0.0
4,1,80.0,5,10,109,70680,1,100,100.0,0.0
4,1,80.0,5,10,110,37236,1,100,100.0,0.0
4,1,80.0,5,10,111,25912,1,100,100.0,0.0
4,1,80.0,5,10,112,61930,2,99,99.0,0.016666666666666666
4,1,80.0,5,10,113,54116,1,100,100.0,0.0
4,1,80.0,5,10,114,38694,1,100,100.0,0.0
4,1,80.0,5,10,115,84375,1,100,100.0,0.0
4,1,80.0,5,10,116,59234,1,100,100.0,0.0
4,1,80.0,5,10,117,70921,1,100,100.0,0.0
4,1,80.0,5,10,118,60845,1,100,100.0,0.0
4,1,80.0,5,10,119,52466,1,100,100.0,0.0
4,1,80.0,5,10,120,134959,1,100,100.0,0.0
4,1,80.0,5,10,121,46082,1,100,100.0,0.0
4,1,80.0,5,10,122,113462,1,100,100.0,0.0
4,1,80.0,5,10,123,59573,1,100,100.0,0.0
4,1,80.0,5,10,124,72915,1,100,100.0,0.0
4,1,80.0,5,10,125,47094,1,100,100.0,0.0
4,1,80.0,5,10,126,104464,1,100,100.0,0.0
4,1,80.0,5,10,127,76559,1,100,100.0,0.0
4,1,80.0,5,10,128,62796,1,100,100.0,0.0
4,1,80.0,5,10,129,68945,1,100,100.0,0.0
4,1,80.0,5,10,130,47155,1,100,100.0,0.0
4,1,80.0,5,10,131,49871,1,100,100.0,0.0
4,1,80.0,5,10,132,38796,1,100,100.0,0.0
4,1,80.0,5,10,133,66531,1,100,100.0,0.0
4,1,80.0,5,10,134,46226,1,100,100.0,0.0
4,1,80.0,5,10,135,35652,2,99,99.0,0.016666666666666666
4,1,80.0,5,10,136,73274,1,100,100.0,0.0
4,1,80.0,5,10,137,61293,1,100,100.0,0.0
4,1,80.0,5,10,138,78830,1,100,100.0,0.0
4,1,80.0,5,10,139,45446,1,100,100.0,0.0
4,1,80.0,5,10,140,50953,1,100,100.0,0.0
4,1,80.0,5,10,141,74732,1,100,100.0,0.0
4,1,80.0,5,10,142,39641,1,100,100.0,0.0
4,1,80.0,5,10,143,58927,1,100,100.0,0.0
4,1,80.0,5,10,144,98814,1,100,100.0,0.0
4,1,80.0,5,10,145,62060,1,100,100.0,0.0
4,1,80.0,5,10,146,103948,1,100,100.0,0.0
4,1,80.0,5,10,147,68798,1,100,100.0,0.0
4,1,80.0,5,10,148,56047,1,100,100.0,0.0
4,1,80.0,5,10,149,51913,1,100,100.0,0.0
4,1,80.0,5,10,150,47435,1,100,100.0,0.0
4,1,80.0,5,10,151,92586,1,100,100.0,0.0
4,1,80.0,5,10,152,64308,1,100,100.0,0.0
4,1,80.0,5,10,153,47111,1,100,100.0,0.0
4,1,80.0,5,10,154,52217,1,100,100.0,0.0
4,1,80.0,5,10,155,106181,1,100,100.0,0.0
4,1,80.0,5,10,156,38895,1,100,100.0,0.0
4,1,80.0,5,10,157,89759,1,100,100.0,0.0
4,1,80.0,5,10,158,43749,1,100,100.0,0.0
4,1,80.0,5,10,159,98074,1,100,100.0,0.0
4,1,80.0,5,10,160,65068,1,100,100.0,0.0
4,1,80.0,5,10,161,65113,1,100,100.0,0.0
4,1,80.0,5,10,162,59412,1,100,100.0,0.0
4,1,80.0,5,10,163,41047,1,100,100.0,0.0
4,1,80.0,5,10,164,26276,1,100,100.0,0.0
4,1,80.0,5,10,165,70878,1,100,100.0,0.0
4,1,80.0,5,10,166,44283,1,100,100.0,0.0
4,1,80.0,5,10,167,61364,1,100,100.0,0.0
4,1,80.0,5,10,168,62996,1,100,100.0,0.0
4,1,80.0,5,10,169,46971,1,100,100.0,0.0
4,1,80.0,5,10,170,66110,1,100,100.0,0.0
4,1,80.0,5,10,171,66534,1,100,100.0,0.0
4,1,80.0,5,10,172,49099,1,100,100.0,0.0
4,1,80.0,5,10,173,59293,1,100,100.0,0.0
4,1,80.0,5,10,174,78399,1,100,100.0,0.0
4,1,80.0,5,10,175,74270,1,100,100.0,0.0
4,1,80.0,5,10,176,50931,1,100,100.0,0.0
4,1,80.0,5,10,177,67937,1,100,100.0,0.0
4,1,80.0,5,10,178,43333,1,100,100.0,0.0
4,1,80.0,5,10,179,34767,1,100,100.0,0.0
4,1,80.0,5,10,180,44465,1,100,100.0,0.0
4,1,80.0,5,10,181,114178,1,100,100.0,0.0
4,1,80.0,5,10,182,45785,1,100,100.0,0.0
4,1,80.0,5,10,183,67070,1,100,100.0,0.0
4,1,80.0,5,10,184,130181,1,100,100.0,0.0
4,1,80.0,5,10,185,54256,1,100,100.0,0.0
4,1,80.0,5,10,186,52570,1,100,100.0,0.0
4,1,80.0,5,10,187,64291,1,100,100.0,0.0
4,1,80.0,5,10,188,42924,1,100,100.0,0.0
4,1,80.0,5,10,189,103205,1,100,100.0,0.0
4,1,80.0,5,10,190,54150,1,100,100.0,0.0
4,1,80.0,5,10,191,64136,1,100,100.0,0.0
4,1,80.0,5,10,192,38673,1,100,100.0,0.0
4,1,80.0,5,10,193,63808,1,100,100.0,0.0
4,1,80.0,5,10,194,52537,1,100,100.0,0.0
4,1,80.0,5,10,195,44032,1,100,100.0,0.0
4,1,80.0,5,10,196,43613,1,100,100.0,0.0
4,1,80.0,5,10,197,55804,1,100,100.0,0.0
4,1,80.0,5,10,198,28890,2,97,97.0,0.044444444444444446
4,1,80.0,5,10,199,74947,1,100,100.0,0.0
3,2,60.0,5,10,0,28039,1,100,100.0,0.0
3,2,60.0,5,10,1,58138,1,100,100.0,0.0
3,2,60.0,5,10,2,74339,1,100,100.0,0.0
3,2,60.0,5,10,3,56145,1,100,100.0,0.0
3,2,60.0,5,10,4,35484,1,100,100.0,0.0
3,2,60.0,5,10,5,48189,1,100,100.0,0.0
3,2,60.0,5,10,6,65915,1,100,100.0,0.0
3,2,60.0,5,10,7,48165,1,100,100.0,0.0
3,2,60.0,5,10,8,97901,1,100,100.0,0.0
3,2,60.0,5,10,9,50892,1,100,100.0,0.0
3,2,60.0,5,10,10,83022,1,100,100.0,0.0
3,2,60.0,5,10,11,69265,1,100,100.0,0.0
3,2,60.0,5,10,12,65630,1,100,100.0,0.0
3,2,60.0,5,10,13,62973,1,100,100.0,0.0
3,2,60.0,5,10,14,29338,1,100,100.0,0.0
3,2,60.0,5,10,15,57857,1,100,100.0,0.0
3,2,60.0,5,10,16,50197,1,100,100.0,0.0
3,2,60.0,5,10,17,42933,1,100,100.0,0.0
3,2,60.0,5,10,18,39289,1,100,100.0,0.0
3,2,60.0,5,10,19,43293,1,100,100.0,0.0
3,2,60.0,5,10,20,88203,1,100,100.0,0.0
3,2,60.0,5,10,21,50198,1,100,100.0,0.0
3,2,60.0,5,10,22,50632,1,100,100.0,0.0
3,2,60.0,5,10,23,68611,1,100,100.0,0.0
3,2,60.0,5,10,24,76094,1,100,100.0,0.0
3,2,60.0,5,10,25,87641,1,100,100.0,0.0
3,2,60.0,5,10,26,85464,1,100,100.0,0.0
3,2,60.0,5,10,27,35106,1,100,100.0,0.0
3,2,60.0,5,10,28,133976,1,100,100.0,0.0
3,2,60.0,5,10,29,40548,1,100,100.0,0.0
3,2,60.0,5,10,30,49152,1,100,100.0,0.0
3,2,60.0,5,10,31,68639,1,100,100.0,0.0
3,2,60.0,5,10,32,70383,1,100,100.0,0.0
3,2,60.0,5,10,33,58805,1,100,100.0,0.0
3,2,60.0,5,10,34,58563,1,100,100.0,0.0
3,2,60.0,5,10,35,56470,1,100,100.0,0.0
3,2,60.0,5,10,36,68882,1,100,100.0,0.0
3,2,60.0,5,10,37,40247,1,100,100.0,0.0
3,2,60.0,5,10,38,45035,1,100,100.0,0.0
3,2,60.0,5,10,39,39503,1,100,100.0,0.0
3,2,60.0,5,10,40,60140,1,100,100.0,0.0
3,2,60.0,5,10,41,77919,1,100,100.0,0.0
3,2,60.0,5,10,42,68970,2,99,99.0,0.011111111111111112
3,2,60.0,5,10,43,91382,1,100,100.0,0.0
3,2,60.0,5,10,44,52980,1,100,100.0,0.0
3,2,60.0,5,10,45,91042,1,100,100.0,0.0
3,2,60.0,5,10,46,65511,1,100,100.0,0.0
3,2,60.0,5,10,47,82009,1,100,100.0,0.0
3,2,60.0,5,10,48,85876,1,100,100.0,0.0
3,2,60.0,5,10,49,31306,1,100,100.0,0.0
3,2,60.0,5,10,50,73489,1,100,100.0,0.0
3,2,60.0,5,10,51,62981,1,100,100.0,0.0
3,2,60.0,5,10,52,64742,1,100,100.0,0.0
3,2,60.0,5,10,53,61791,1,100,100.0,0.0
3,2,60.0,5,10,54,79455,1,100,100.0,0.0
3,2,60.0,5,10,55,73724,1,100,100.0,0.0
3,2,60.0,5,10,56,44553,1,100,100.0,0.0
3,2,60.0,5,10,57,50055,1,100,100.0,0.0
3,2,60.0,5,10,58,53913,1,100,100.0,0.0
3,2,60.0,5,10,59,60071,1,100,100.0,0.0
3,2,60.0,5,10,60,54337,1,100,100.0,0.0
3,2,60.0,5,10,61,74562,1,100,100.0,0.0
3,2,60.0,5,10,62,61207,1,100,100.0,0.0
3,2,60.0,5,10,63,56198,1,100,100.0,0.0
3,2,60.0,5,10,64,68173,1,100,100.0,0.0
3,2,60.0,5,10,65,63748,1,100,100.0,0.0
3,2,60.0,5,10,66,76218,1,100,100.0,0.0
3,2,60.0,5,10,67,138795,1,100,100.0,0.0
3,2,60.0,5,10,68,27158,1,100,100.0,0.0
3,2,60.0,5,10,69,79447,1,100,100.0,0.0
3,2,60.0,5,10,70,65831,1,100,100.0,0.0
3,2,60.0,5,10,71,41420,1,100,100.0,0.0
3,2,60.0,5,10,72,45752,1,100,100.0,0.0
3,2,60.0,5,10,73,41417,1,100,100.0,0.0
3,2,60.0,5,10,74,82169,1,100,100.0,0.0
3,2,60.0,5,10,75,59926,1,100,100.0,0.0
3,2,60.0,5,10,76,45113,1,100,100.0,0.0
3,2,60.0,5,10,77,79653,1,100,100.0,0.0
3,2,60.0,5,10,78,71089,1,100,100.0,0.0
3,2,60.0,5,10,79,53371,1,100,100.0,0.0
3,2,60.0,5,10,80,57290,1,100,100.0,0.0
3,2,60.0,5,10,81,64851,1,100,100.0,0.0
3,2,60.0,5,10,82,43885,1,100,100.0,0.0
3,2,60.0,5,10,83,78588,1,100,100.0,0.0
3,2,60.0,5,10,84,44357,1,100,100.0,0.0
3,2,60.0,5,10,85,50312,1,100,100.0,0.0
3,2,60.0,5,10,86,103479,1,100,100.0,0.0
3,2,60.0,5,10,87,67790,1,100,100.0,0.0
3,2,60.0,5,10,88,68296,1,100,100.0,0.0
3,2,60.0,5,10,89,55428,1,100,100.0,0.0
3,2,60.0,5,10,90,59413,1,100,100.0,0.0
3,2,60.0,5,10,91,106553,1,100,100.0,0.0
3,2,60.0,5,10,92,124162,1,100,100.0,0.0
3,2,60.0,5,10,93,58467,1,100,100.0,0.0
3,2,60.0,5,10,94,46987,1,100,100.0,0.0
3,2,60.0,5,10,95,54838,1,100,100.0,0.0
3,2,60.0,5,10,96,44078,1,100,100.0,0.0
3,2,60.0,5,10,97,41133,2,99,99.0,0.022222222222222223
3,2,60.0,5,10,98,55938,1,100,100.0,0.0
3,2,60.0,5,10,99,58865,2,98,98.0,0.03333333333333333
3,2,60.0,5,10,100,86221,1,100,100.0,0.0
3,2,60.0,5,10,101,36639,1,100,100.0,0.0
3,2,60.0,5,10,102,113960,1,100,100.0,0.0
3,2,60.0,5,10,103,86461,1,100,100.0,0.0
3,2,60.0,5,10,104,73587,1,100,100.0,0.0
3,2,60.0,5,10,105,56996,1,100,100.0,0.0
3,2,60.0,5,10,106,39465,1,100,100.0,0.0
3,2,60.0,5,10,107,44237,1,100,100.0,0.0
3,2,60.0,5,10,108,77791,1,100,100.0,0.0
3,2,60.0,5,10,109,34160,1,100,100.0,0.0
3,2,60.0,5,10,110,30421,1,100,100.0,0.0
3,2,60.0,5,10,111,77033,1,100,100.0,0.0
3,2,60.0,5,10,112,62784,1,100,100.0,0.0
3,2,60.0,5,10,113,65248,1,100,100.0,0.0
3,2,60.0,5,10,114,53297,1,100,100.0,0.0
3,2,60.0,5,10,115,61790,1,100,100.0,0.0
3,2,60.0,5,10,116,35627,1,100,100.0,0.0
3,2,60.0,5,10,117,73819,1,100,100.0,0.0
3,2,60.0,5,10,118,154306,1,100,100.0,0.0
3,2,60.0,5,10,119,40332,1,100,100.0,0.0
3,2,60.0,5,10,120,54576,1,100,100.0,0.0
3,2,60.0,5,10,121,60939,1,100,100.0,0.0
3,2,60.0,5,10,122,46988,1,100,100.0,0.0
3,2,60.0,5,10,123,40717,1,100,100.0,0.0
3,2,60.0,5,10,124,121992,1,100,100.0,0.0
3,2,60.0,5,10,125,60511,1,100,100.0,0.0
3,2,60.0,5,10,126,64572,1,100,100.0,0.0
3,2,60.0,5,10,127,114983,1,100,100.0,0.0
3,2,60.0,5,10,128,50956,1,100,100.0,0.0
3,2,60.0,5,10,129,46965,1,100,100.0,0.0
3,2,60.0,5,10,130,48700,1,100,100.0,0.0
3,2,60.0,5,10,131,105389,1,100,100.0,0.0
3,2,60.0,5,10,132,81628,1,100,100.0,0.0
3,2,60.0,5,10,133,44803,1,100,100.0,0.0
3,2,60.0,5,10,134,58130,1,100,100.0,0.0
3,2,60.0,5,10,135,33196,1,100,100.0,0.0
3,2,60.0,5,10,136,95345,1,100,100.0,0.0
3,2,60.0,5,10,137,49715,1,100,100.0,0.0
3,2,60.0,5,10,138,102381,1,100,100.0,0.0
3,2,60.0,5,10,139,69677,1,100,100.0,0.0
3,2,60.0,5,10,140,72319,1,100,100.0,0.0
3,2,60.0,5,10,141,51520,1,100,100.0,0.0
3,2,60.0,5,10,142,50746,1,100,100.0,0.0
3,2,60.0,5,10,143,75293,1,100,100.0,0.0
3,2,60.0,5,10,144,29296,1,100,100.0,0.0
3,2,60.0,5,10,145,41271,1,100,100.0,0.0
3,2,60.0,5,10,146,71367,1,100,100.0,0.0
3,2,60.0,5,10,147,62520,1,100,100.0,0.0
3,2,60.0,5,10,148,82739,1,100,100.0,0.0
3,2,60.0,5,10,149,59807,1,100,100.0,0.0
3,2,60.0,5,10,150,32011,1,100,100.0,0.0
3,2,60.0,5,10,151,75025,1,100,100.0,0.0
3,2,60.0,5,10,152,32937,1,100,100.0,0.0
3,2,60.0,5,10,153,52613,1,100,100.0,0.0
3,2,60.0,5,10,154,91179,1,100,100.0,0.0
3,2,60.0,5,10,155,45816,1,100,100.0,0.0
3,2,60.0,5,10,156,47341,1,100,100.0,0.0
3,2,60.0,5,10,157,66741,1,100,100.0,0.0
3,2,60.0,5,10,158,100422,1,100,100.0,0.0
3,2,60.0,5,10,159,54374,1,100,100.0,0.0
3,2,60.0,5,10,160,65595,1,100,100.0,0.0
3,2,60.0,5,10,161,47197,1,100,100.0,0.0
3,2,60.0,5,10,162,75331,1,100,100.0,0.0
3,2,60.0,5,10,163,58219,1,100,100.0,0.0
3,2,60.0,5,10,164,70193,1,100,100.0,0.0
3,2,60.0,5,10,165,54278,1,100,100.0,0.0
3,2,60.0,5,10,166,84110,1,100,100.0,0.0
3,2,60.0,5,10,167,50312,1,100,100.0,0.0
3,2,60.0,5,10,168,47918,1,100,100.0,0.0
3,2,60.0,5,10,169,21108,1,100,100.0,0.0
3,2,60.0,5,10,170,74903,1,100,100.0,0.0
3,2,60.0,5,10,171,66281,1,100,100.0,0.0
3,2,60.0,5,10,172,80108,1,100,100.0,0.0
3,2,60.0,5,10,173,39591,2,97,97.0,0.027777777777777776
3,2,60.0,5,10,174,67235,1,100,100.0,0.0
3,2,60.0,5,10,175,36218,1,100,100.0,0.0
3,2,60.0,5,10,176,60725,1,100,100.0,0.0
3,2,60.0,5,10,177,48532,1,100,100.0,0.0
3,2,60.0,5,10,178,35760,1,100,100.0,0.0
3,2,60.0,5,10,179,75528,1,100,100.0,0.0
3,2,60.0,5,10,180,47928,1,100,100.0,0.0
3,2,60.0,5,10,181,46511,1,100,100.0,0.0
3,2,60.0,5,10,182,56416,1,100,100.0,0.0
3,2,60.0,5,10,183,48366,1,100,100.0,0.0
3,2,60.0,5,10,184,34653,1,100,100.0,0.0
3,2,60.0,5,10,185,27517,1,100,100.0,0.0
3,2,60.0,5,10,186,41124,1,100,100.0,0.0
3,2,60.0,5,10,187,61264,1,100,100.0,0.0
3,2,60.0,5,10,188,57717,1,100,100.0,0.0
3,2,60.0,5,10,189,58815,1,100,100.0,0.0
3,2,60.0,5,10,190,66692,1,100,100.0,0.0
3,2,60.0,5,10,191,59813,1,100,100.0,0.0
3,2,60.0,5,10,192,77248,1,100,100.0,0.0
3,2,60.0,5,10,193,54905,1,100,100.0,0.0
3,2,60.0,5,10,194,105798,1,100,100.0,0.0
3,2,60.0,5,10,195,63849,1,100,100.0,0.0
3,2,60.0,5,10,196,91047,1,100,100.0,0.0
3,2,60.0,5,10,197,66015,1,100,100.0,0.0
3,2,60.0,5,10,198,69429,1,100,100.0,0.0
3,2,60.0,5,10,199,43622,1,100,100.0,0.0
1,4,20.0,5,10,0,68009,1,100,100.0,0.0
1,4,20.0,5,10,1,59953,1,100,100.0,0.0
1,4,20.0,5,10,2,38248,1,100,100.0,0.0
1,4,20.0,5,10,3,81808,1,100,100.0,0.0
1,4,20.0,5,10,4,50316,1,100,100.0,0.0
1,4,20.0,5,10,5,83758,1,100,100.0,0.0
1,4,20.0,5,10,6,110280,1,100,100.0,0.0
1,4,20.0,5,10,7,89564,1,100,100.0,0.0
1,4,20.0,5,10,8,44477,1,100,100.0,0.0
1,4,20.0,5,10,9,88744,1,100,100.0,0.0
1,4,20.0,5,10,10,58921,1,100,100.0,0.0
1,4,20.0,5,10,11,75536,1,100,100.0,0.0
1,4,20.0,5,10,12,70737,1,100,100.0,0.0
1,4,20.0,5,10,13,108238,1,100,100.0,0.0
1,4,20.0,5,10,14,84391,1,100,100.0,0.0
1,4,20.0,5,10,15,80027,1,100,100.0,0.0
1,4,20.0,5,10,16,36861,1,100,100.0,0.0
1,4,20.0,5,10,17,64732,1,100,100.0,0.0
1,4,20.0,5,10,18,61324,1,100,100.0,0.0
1,4,20.0,5,10,19,65825,1,100,100.0,0.0
1,4,20.0,5,10,20,40849,1,100,100.0,0.0
1,4,20.0,5,10,21,76137,1,100,100.0,0.0
1,4,20.0,5,10,22,48196,1,100,100.0,0.0
1,4,20.0,5,10,23,66577,1,100,100.0,0.0
1,4,20.0,5,10,24,56616,1,100,100.0,0.0
1,4,20.0,5,10,25,80650,1,100,100.0,0.0
1,4,20.0,5,10,26,40579,1,100,100.0,0.0
1,4,20.0,5,10,27,104492,1,100,100.0,0.0
1,4,20.0,5,10,28,44804,1,100,100.0,0.0
1,4,20.0,5,10,29,101036,1,100,100.0,0.0
1,4,20.0,5,10,30,42260,1,100,100.0,0.0
1,4,20.0,5,10,31,59994,1,100,100.0,0.0
1,4,20.0,5,10,32,100351,1,100,100.0,0.0
1,4,20.0,5,10,33,24416,1,100,100.0,0.0
1,4,20.0,5,10,34,85924,1,100,100.0,0.0
1,4,20.0,5,10,35,70839,1,100,100.0,0.0
1,4,20.0,5,10,36,50802,1,100,100.0,0.0
1,4,20.0,5,10,37,57007,1,100,100.0,0.0
1,4,20.0,5,10,38,126423,1,100,100.0,0.0
1,4,20.0,5,10,39,76737,1,100,100.0,0.0
1,4,20.0,5,10,40,50423,1,100,100.0,0.0
1,4,20.0,5,10,41,90061,1,100,100.0,0.0
1,4,20.0,5,10,42,65759,1,100,100.0,0.0
1,4,20.0,5,10,43,42548,1,100,100.0,0.0
1,4,20.0,5,10,44,52116,1,100,100.0,0.0
1,4,20.0,5,10,45,77645,1,100,100.0,0.0
1,4,20.0,5,10,46,35281,1,100,100.0,0.0
1,4,20.0,5,10,47,42948,1,100,100.0,0.0
1,4,20.0,5,10,48,44342,1,100,100.0,0.0
1,4,20.0,5,10,49,67865,1,100,100.0,0.0
1,4,20.0,5,10,50,63935,1,100,100.0,0.0
1,4,20.0,5,10,51,44269,1,100,100.0,0.0
1,4,20.0,5,10,52,71589,1,100,100.0,0.0
1,4,20.0,5,10,53,88741,1,100,100.0,0.0
1,4,20.0,5,10,54,36880,1,100,100.0,0.0
1,4,20.0,5,10,55,79674,1,100,100.0,0.0
1,4,20.0,5,10,56,74625,1,100,100.0,0.0
1,4,20.0,5,10,57,60690,1,100,100.0,0.0
1,4,20.0,5,10,58,30077,1,100,100.0,0.0
1,4,20.0,5,10,59,94324,1,100,100.0,0.0
1,4,20.0,5,10,60,58268,1,100,100.0,0.0
1,4,20.0,5,10,61,67120,1,100,100.0,0.0
1,4,20.0,5,10,62,44375,1,100,100.0,0.0
1,4,20.0,5,10,63,59792,1,100,100.0,0.0
1,4,20.0,5,10,64,39092,1,100,100.0,0.0
1,4,20.0,5,10,65,53575,1,100,100.0,0.0
1,4,20.0,5,10,66,34275,1,100,100.0,0.0
1,4,20.0,5,10,67,82373,1,100,100.0,0.0
1,4,20.0,5,10,68,103568,1,100,100.0,0.0
1,4,20.0,5,10,69,54928,1,100,100.0,0.0
1,4,20.0,5,10,70,83384,1,100,100.0,0.0
1,4,20.0,5,10,71,65379,1,100,100.0,0.0
1,4,20.0,5,10,72,65866,1,100,100.0,0.0
1,4,20.0,5,10,73,56285,1,100,100.0,0.0
1,4,20.0,5,10,74,61453,1,100,100.0,0.0
1,4,20.0,5,10,75,107479,1,100,100.0,0.0
1,4,20.0,5,10,76,32400,1,100,100.0,0.0
1,4,20.0,5,10,77,43791,1,100,100.0,0.0
1,4,20.0,5,10,78,63359,1,100,100.0,0.0
1,4,20.0,5,10,79,49426,1,100,100.0,0.0
1,4,20.0,5,10,80,55986,1,100,100.0,0.0
1,4,20.0,5,10,81,78988,1,100,100.0,0.0
1,4,20.0,5,10,82,65288,1,100,100.0,0.0
1,4,20.0,5,10,83,50710,1,100,100.0,0.0
1,4,20.0,5,10,84,51047,1,100,100.0,0.0
1,4,20.0,5,10,85,88947,1,100,100.0,0.0
1,4,20.0,5,10,86,71404,1,100,100.0,0.0
1,4,20.0,5,10,87,67286,1,100,100.0,0.0
1,4,20.0,5,10,88,83152,1,100,100.0,0.0
1,4,20.0,5,10,89,72914,1,100,100.0,0.0
1,4,20.0,5,10,90,74358,1,100,100.0,0.0
1,4,20.0,5,10,91,89840,1,100,100.0,0.0
1,4,20.0,5,10,92,60511,1,100,100.0,0.0
1,4,20.0,5,10,93,40026,1,100,100.0,0.0
1,4,20.0,5,10,94,48139,1,100,100.0,0.0
1,4,20.0,5,10,95,64696,1,100,100.0,0.0
1,4,20.0,5,10,96,63215,1,100,100.0,0.0
1,4,20.0,5,10,97,40593,1,100,100.0,0.0
1,4,20.0,5,10,98,56183,1,100,100.0,0.0
1,4,20.0,5,10,99,64892,1,100,100.0,0.0
1,4,20.0,5,10,100,114377,1,100,100.0,0.0
1,4,20.0,5,10,101,40956,1,100,100.0,0.0
1,4,20.0,5,10,102,39127,1,100,100.0,0.0
1,4,20.0,5,10,103,73610,1,100,100.0,0.0
1,4,20.0,5,10,104,38002,1,100,100.0,0.0
1,4,20.0,5,10,105,47868,1,100,100.0,0.0
1,4,20.0,5,10,106,53907,1,100,100.0,0.0
1,4,20.0,5,10,107,61467,1,100,100.0,0.0
1,4,20.0,5,10,108,54062,1,100,100.0,0.0
1,4,20.0,5,10,109,58256,1,100,100.0,0.0
1,4,20.0,5,10,110,48502,1,100,100.0,0.0
1,4,20.0,5,10,111,84981,1,100,100.0,0.0
1,4,20.0,5,10,112,82771,1,100,100.0,0.0
1,4,20.0,5,10,113,80222,1,100,100.0,0.0
1,4,20.0,5,10,114,65741,1,100,100.0,0.0
1,4,20.0,5,10,115,65137,1,100,100.0,0.0
1,4,20.0,5,10,116,76990,1,100,100.0,0.0
1,4,20.0,5,10,117,64468,1,100,100.0,0.0
1,4,20.0,5,10,118,88169,1,100,100.0,0.0
1,4,20.0,5,10,119,61473,1,100,100.0,0.0
1,4,20.0,5,10,120,36824,1,100,100.0,0.0
1,4,20.0,5,10,121,79512,1,100,100.0,0.0
1,4,20.0,5,10,122,58286,1,100,100.0,0.0
1,4,20.0,5,10,123,49819,1,100,100.0,0.0
1,4,20.0,5,10,124,123541,1,100,100.0,0.0
1,4,20.0,5,10,125,62297,1,100,100.0,0.0
1,4,20.0,5,10,126,90304,1,100,100.0,0.0
1,4,20.0,5,10,127,108428,1,100,100.0,0.0
1,4,20.0,5,10,128,53144,1,100,100.0,0.0
1,4,20.0,5,10,129,105941,1,100,100.0,0.0
1,4,20.0,5,10,130,49292,1,100,100.0,0.0
1,4,20.0,5,10,131,40785,1,100,100.0,0.0
1,4,20.0,5,10,132,52878,1,100,100.0,0.0
1,4,20.0,5,10,133,48577,1,100,100.0,0.0
1,4,20.0,5,10,134,63188,1,100,100.0,0.0
1,4,20.0,5,10,135,78780,1,100,100.0,0.0
1,4,20.0,5,10,136,33666,1,100,100.0,0.0
1,4,20.0,5,10,137,82871,1,100,100.0,0.0
1,4,20.0,5,10,138,37531,1,100,100.0,0.0
1,4,20.0,5,10,139,64345,1,100,100.0,0.0
1,4,20.0,5,10,140,60955,1,100,100.0,0.0
1,4,20.0,5,10,141,95302,1,100,100.0,0.0
1,4,20.0,5,10,142,143130,1,100,100.0,0.0
1,4,20.0,5,10,143,51908,1,100,100.0,0.0
1,4,20.0,5,10,144,106717,1,100,100.0,0.0
1,4,20.0,5,10,145,122509,1,100,100.0,0.0
1,4,20.0,5,10,146,52717,1,100,100.0,0.0
1,4,20.0,5,10,147,43353,1,100,100.0,0.0
1,4,20.0,5,10,148,100639,1,100,100.0,0.0
1,4,20.0,5,10,149,67564,1,100,100.0,0.0
1,4,20.0,5,10,150,58500,1,100,100.0,0.0
1,4,20.0,5,10,151,49796,1,100,100.0,0.0
1,4,20.0,5,10,152,55822,1,100,100.0,0.0
1,4,20.0,5,10,153,84770,1,100,100.0,0.0
1,4,20.0,5,10,154,91304,1,100,100.0,0.0
1,4,20.0,5,10,155,75757,1,100,100.0,0.0
1,4,20.0,5,10,156,66936,1,100,100.0,0.0
1,4,20.0,5,10,157,110898,1,100,100.0,0.0
1,4,20.0,5,10,158,94073,1,100,100.0,0.0
1,4,20.0,5,10,159,24625,1,100,100.0,0.0
1,4,20.0,5,10,160,49654,1,100,100.0,0.0
1,4,20.0,5,10,161,72758,1,100,100.0,0.0
1,4,20.0,5,10,162,59719,1,100,100.0,0.0
1,4,20.0,5,10,163,70399,1,100,100.0,0.0
1,4,20.0,5,10,164,65077,1,100,100.0,0.0
1,4,20.0,5,10,165,55386,1,100,100.0,0.0
1,4,20.0,5,10,166,55497,1,100,100.0,0.0
1,4,20.0,5,10,167,81349,1,100,100.0,0.0
1,4,20.0,5,10,168,82318,1,100,100.0,0.0
1,4,20.0,5,10,169,50870,1,100,100.0,0.0
1,4,20.0,5,10,170,57985,1,100,100.0,0.0
1,4,20.0,5,10,171,57995,1,100,100.0,0.0
1,4,20.0,5,10,172,90132,1,100,100.0,0.0
1,4,20.0,5,10,173,72578,1,100,100.0,0.0
1,4,20.0,5,10,174,110289,1,100,100.0,0.0
1,4,20.0,5,10,175,101963,1,100,100.0,0.0
1,4,20.0,5,10,176,84234,1,100,100.0,0.0
1,4,20.0,5,10,177,70060,1,100,100.0,0.0
1,4,20.0,5,10,178,32682,1,100,100.0,0.0
1,4,20.0,5,10,179,86839,1,100,100.0,0.0
1,4,20.0,5,10,180,40970,1,100,100.0,0.0
1,4,20.0,5,10,181,48872,1,100,100.0,0.0
1,4,20.0,5,10,182,33920,1,100,100.0,0.0
1,4,20.0,5,10,183,78383,1,100,100.0,0.0
1,4,20.0,5,10,184,124854,1,100,100.0,0.0
1,4,20.0,5,10,185,66003,1,100,100.0,0.0
1,4,20.0,5,10,186,76249,1,100,100.0,0.0
1,4,20.0,5,10,187,110736,1,100,100.0,0.0
1,4,20.0,5,10,188,54476,1,100,100.0,0.0
1,4,20.0,5,10,189,44737,1,100,100.0,0.0
1,4,20.0,5,10,190,89195,1,100,100.0,0.0
1,4,20.0,5,10,191,70172,1,100,100.0,0.0
1,4,20.0,5,10,192,57787,1,100,100.0,0.0
1,4,20.0,5,10,193,68133,1,100,100.0,0.0
1,4,20.0,5,10,194,66343,1,100,100.0,0.0
1,4,20.0,5,10,195,71121,1,100,100.0,0.0
1,4,20.0,5,10,196,65056,1,100,100.0,0.0
1,4,20.0,5,10,197,63690,1,100,100.0,0.0
1,4,20.0,5,10,198,47492,1,100,100.0,0.0
1,4,20.0,5,10,199,51191,1,100,100.0,0.0
0,5,0.0,5,10,0,74758,1,100,100.0,0.0
0,5,0.0,5,10,1,50068,1,100,100.0,0.0
0,5,0.0,5,10,2,90808,1,100,100.0,0.0
0,5,0.0,5,10,3,95526,1,100,100.0,0.0
0,5,0.0,5,10,4,82288,1,100,100.0,0.0
0,5,0.0,5,10,5,57347,1,100,100.0,0.0
0,5,0.0,5,10,6,108980,1,100,100.0,0.0
0,5,0.0,5,10,7,51373,1,100,100.0,0.0
0,5,0.0,5,10,8,58144,1,100,100.0,0.0
0,5,0.0,5,10,9,91743,1,100,100.0,0.0
0,5,0.0,5,10,10,35723,1,100,100.0,0.0
0,5,0.0,5,10,11,100786,1,100,100.0,0.0
0,5,0.0,5,10,12,66916,1,100,100.0,0.0
0,5,0.0,5,10,13,69097,1,100,100.0,0.0
0,5,0.0,5,10,14,65977,1,100,100.0,0.0
0,5,0.0,5,10,15,143366,1,100,100.0,0.0
0,5,0.0,5,10,16,50676,1,100,100.0,0.0
0,5,0.0,5,10,17,98366,1,100,100.0,0.0
0,5,0.0,5,10,18,40967,1,100,100.0,0.0
0,5,0.0,5,10,19,59138,1,100,100.0,0.0
0,5,0.0,5,10,20,72156,1,100,100.0,0.0
0,5,0.0,5,10,21,101401,1,100,100.0,0.0
0,5,0.0,5,10,22,49358,1,100,100.0,0.0
0,5,0.0,5,10,23,57378,1,100,100.0,0.0
0,5,0.0,5,10,24,85268,1,100,100.0,0.0
0,5,0.0,5,10,25,64045,1,100,100.0,0.0
0,5,0.0,5,10,26,166086,1,100,100.0,0.0
0,5,0.0,5,10,27,52431,1,100,100.0,0.0
0,5,0.0,5,10,28,68066,1,100,100.0,0.0
0,5,0.0,5,10,29,69118,1,100,100.0,0.0
0,5,0.0,5,10,30,63151,1,100,100.0,0.0
0,5,0.0,5,10,31,63798,1,100,100.0,0.0
0,5,0.0,5,10,32,64586,1,100,100.0,0.0
0,5,0.0,5,10,33,77121,1,100,100.0,0.0
0,5,0.0,5,10,34,55954,1,100,100.0,0.0
0,5,0.0,5,10,35,56709,1,100,100.0,0.0
0,5,0.0,5,10,36,72409,1,100,100.0,0.0
0,5,0.0,5,10,37,50310,1,100,100.0,0.0
0,5,0.0,5,10,38,101510,1,100,100.0,0.0
0,5,0.0,5,10,39,41247,1,100,100.0,0.0
0,5,0.0,5,10,40,86123,1,100,100.0,0.0
0,5,0.0,5,10,41,60347,1,100,100.0,0.0
0,5,0.0,5,10,42,66841,1,100,100.0,0.0
0,5,0.0,5,10,43,68285,1,100,100.0,0.0
0,5,0.0,5,10,44,102092,1,100,100.0,0.0
0,5,0.0,5,10,45,51230,1,100,100.0,0.0
0,5,0.0,5,10,46,57484,1,100,100.0,0.0
0,5,0.0,5,10,47,32752,1,100,100.0,0.0
0,5,0.0,5,10,48,37886,1,100,100.0,0.0
0,5,0.0,5,10,49,87837,1,100,100.0,0.0
0,5,0.0,5,10,50,139805,1,100,100.0,0.0
0,5,0.0,5,10,51,114709,1,100,100.0,0.0
0,5,0.0,5,10,52,52098,1,100,100.0,0.0
0,5,0.0,5,10,53,77242,1,100,100.0,0.0
0,5,0.0,5,10,54,107950,1,100,100.0,0.0
0,5,0.0,5,10,55,82531,1,100,100.0,0.0
0,5,0.0,5,10,56,68949,1,100,100.0,0.0
0,5,0.0,5,10,57,73843,1,100,100.0,0.0
0,5,0.0,5,10,58,73248,1,100,100.0,0.0
0,5,0.0,5,10,59,85015,1,100,100.0,0.0
0,5,0.0,5,10,60,79005,1,100,100.0,0.0
0,5,0.0,5,10,61,44122,1,100,100.0,0.0
0,5,0.0,5,10,62,90813,1,100,100.0,0.0
0,5,0.0,5,10,63,104758,1,100,100.0,0.0
0,5,0.0,5,10,64,107107,1,100,100.0,0.0
0,5,0.0,5,10,65,54676,1,100,100.0,0.0
0,5,0.0,5,10,66,24963,1,100,100.0,0.0
0,5,0.0,5,10,67,44860,1,100,100.0,0.0
0,5,0.0,5,10,68,46499,1,100,100.0,0.0
0,5,0.0,5,10,69,57706,1,100,100.0,0.0
0,5,0.0,5,10,70,60207,1,100,100.0,0.0
0,5,0.0,5,10,71,49327,1,100,100.0,0.0
0,5,0.0,5,10,72,56996,1,100,100.0,0.0
0,5,0.0,5,10,73,78227,1,100,100.0,0.0
0,5,0.0,5,10,74,80492,1,100,100.0,0.0
0,5,0.0,5,10,75,56378,1,100,100.0,0.0
0,5,0.0,5,10,76,50995,1,100,100.0,0.0
0,5,0.0,5,10,77,63084,1,100,100.0,0.0
0,5,0.0,5,10,78,69612,1,100,100.0,0.0
0,5,0.0,5,10,79,41561,1,100,100.0,0.0
0,5,0.0,5,10,80,47219,1,100,100.0,0.0
0,5,0.0,5,10,81,70760,1,100,100.0,0.0
0,5,0.0,5,10,82,56441,1,100,100.0,0.0
0,5,0.0,5,10,83,40328,1,100,100.0,0.0
0,5,0.0,5,10,84,75379,1,100,100.0,0.0
0,5,0.0,5,10,85,53719,1,100,100.0,0.0
0,5,0.0,5,10,86,47670,1,100,100.0,0.0
0,5,0.0,5,10,87,61152,1,100,100.0,0.0
0,5,0.0,5,10,88,51022,1,100,100.0,0.0
0,5,0.0,5,10,89,77118,1,100,100.0,0.0
0,5,0.0,5,10,90,56696,1,100,100.0,0.0
0,5,0.0,5,10,91,54095,1,100,100.0,0.0
0,5,0.0,5,10,92,92136,1,100,100.0,0.0
0,5,0.0,5,10,93,93938,1,100,100.0,0.0
0,5,0.0,5,10,94,57021,1,100,100.0,0.0
0,5,0.0,5,10,95,58075,1,100,100.0,0.0
0,5,0.0,5,10,96,64993,1,100,100.0,0.0
0,5,0.0,5,10,97,64627,1,100,100.0,0.0
0,5,0.0,5,10,98,66952,1,100,100.0,0.0
0,5,0.0,5,10,99,83805,1,100,100.0,0.0
0,5,0.0,5,10,100,60741,1,100,100.0,0.0
0,5,0.0,5,10,101,74903,1,100,100.0,0.0
0,5,0.0,5,10,102,59505,1,100,100.0,0.0
0,5,0.0,5,10,103,53075,1,100,100.0,0.0
0,5,0.0,5,10,104,55490,1,100,100.0,0.0
0,5,0.0,5,10,105,83556,1,100,100.0,0.0
0,5,0.0,5,10,106,83095,1,100,100.0,0.0
0,5,0.0,5,10,107,44998,1,100,100.0,0.0
0,5,0.0,5,10,108,70326,1,100,100.0,0.0
0,5,0.0,5,10,109,63299,1,100,100.0,0.0
0,5,0.0,5,10,110,76069,1,100,100.0,0.0
0,5,0.0,5,10,111,53112,1,100,100.0,0.0
0,5,0.0,5,10,112,78762,1,100,100.0,0.0
0,5,0.0,5,10,113,63629,2,85,85.0,0.044444444444444446
0,5,0.0,5,10,114,109826,1,100,100.0,0.0
0,5,0.0,5,10,115,67018,1,100,100.0,0.0
0,5,0.0,5,10,116,48914,1,100,100.0,0.0
0,5,0.0,5,10,117,62272,1,100,100.0,0.0
0,5,0.0,5,10,118,75318,1,100,100.0,0.0
0,5,0.0,5,10,119,33484,1,100,100.0,0.0
0,5,0.0,5,10,120,88321,1,100,100.0,0.0
0,5,0.0,5,10,121,82380,1,100,100.0,0.0
0,5,0.0,5,10,122,48759,1,100,100.0,0.0
0,5,0.0,5,10,123,55999,1,100,100.0,0.0
0,5,0.0,5,10,124,110816,1,100,100.0,0.0
0,5,0.0,5,10,125,36499,1,100,100.0,0.0
0,5,0.0,5,10,126,78576,1,100,100.0,0.0
0,5,0.0,5,10,127,57815,1,100,100.0,0.0
0,5,0.0,5,10,128,64327,1,100,100.0,0.0
0,5,0.0,5,10,129,79111,1,100,100.0,0.0
0,5,0.0,5,10,130,104668,1,100,100.0,0.0
0,5,0.0,5,10,131,77158,1,100,100.0,0.0
0,5,0.0,5,10,132,50710,1,100,100.0,0.0
0,5,0.0,5,10,133,71202,1,100,100.0,0.0
0,5,0.0,5,10,134,55566,1,100,100.0,0.0
0,5,0.0,5,10,135,28852,1,100,100.0,0.0
0,5,0.0,5,10,136,28092,1,100,100.0,0.0
0,5,0.0,5,10,137,96645,1,100,100.0,0.0
0,5,0.0,5,10,138,88835,1,100,100.0,0.0
0,5,0.0,5,10,139,82981,1,100,100.0,0.0
0,5,0.0,5,10,140,77197,1,100,100.0,0.0
0,5,0.0,5,10,141,42729,1,100,100.0,0.0
0,5,0.0,5,10,142,32592,1,100,100.0,0.0
0,5,0.0,5,10,143,125292,1,100,100.0,0.0
0,5,0.0,5,10,144,94895,2,81,81.0,0.05555555555555555
0,5,0.0,5,10,145,56757,1,100,100.0,0.0
0,5,0.0,5,10,146,84107,1,100,100.0,0.0
0,5,0.0,5,10,147,127521,1,100,100.0,0.0
0,5,0.0,5,10,148,56010,1,100,100.0,0.0
0,5,0.0,5,10,149,111866,1,100,100.0,0.0
0,5,0.0,5,10,150,51221,1,100,100.0,0.0
0,5,0.0,5,10,151,79007,1,100,100.0,0.0
0,5,0.0,5,10,152,43824,1,100,100.0,0.0
0,5,0.0,5,10,153,88145,1,100,100.0,0.0
0,5,0.0,5,10,154,47554,1,100,100.0,0.0
0,5,0.0,5,10,155,74417,1,100,100.0,0.0
0,5,0.0,5,10,156,48235,1,100,100.0,0.0
0,5,0.0,5,10,157,45116,1,100,100.0,0.0
0,5,0.0,5,10,158,104262,1,100,100.0,0.0
0,5,0.0,5,10,159,54772,1,100,100.0,0.0
0,5,0.0,5,10,160,62596,1,100,100.0,0.0
0,5,0.0,5,10,161,67809,1,100,100.0,0.0
0,5,0.0,5,10,162,102288,1,100,100.0,0.0
0,5,0.0,5,10,163,38424,1,100,100.0,0.0
0,5,0.0,5,10,164,61235,1,100,100.0,0.0
0,5,0.0,5,10,165,74798,1,100,100.0,0.0
0,5,0.0,5,10,166,53890,1,100,100.0,0.0
0,5,0.0,5,10,167,78721,1,100,100.0,0.0
0,5,0.0,5,10,168,65137,1,100,100.0,0.0
0,5,0.0,5,10,169,42785,1,100,100.0,0.0
0,5,0.0,5,10,170,52254,1,100,100.0,0.0
0,5,0.0,5,10,171,96599,1,100,100.0,0.0
0,5,0.0,5,10,172,51727,1,100,100.0,0.0
0,5,0.0,5,10,173,77774,1,100,100.0,0.0
0,5,0.0,5,10,174,89674,1,100,100.0,0.0
0,5,0.0,5,10,175,61686,1,100,100.0,0.0
0,5,0.0,5,10,176,70423,1,100,100.0,0.0
0,5,0.0,5,10,177,48794,1,100,100.0,0.0
0,5,0.0,5,10,178,81616,1,100,100.0,0.0
0,5,0.0,5,10,179,55130,1,100,100.0,0.0
0,5,0.0,5,10,180,54287,1,100,100.0,0.0
0,5,0.0,5,10,181,67956,1,100,100.0,0.0
0,5,0.0,5,10,182,56733,1,100,100.0,0.0
0,5,0.0,5,10,183,74185,1,100,100.0,0.0
0,5,0.0,5,10,184,76227,1,100,100.0,0.0
0,5,0.0,5,10,185,37764,1,100,100.0,0.0
0,5,0.0,5,10,186,102560,1,100,100.0,0.0
0,5,0.0,5,10,187,70129,1,100,100.0,0.0
0,5,0.0,5,10,188,45292,1,100,100.0,0.0
0,5,0.0,5,10,189,60169,1,100,100.0,0.0
0,5,0.0,5,10,190,68813,1,100,100.0,0.0
0,5,0.0,5,10,191,119065,1,100,100.0,0.0
0,5,0.0,5,10,192,122526,1,100,100.0,0.0
0,5,0.0,5,10,193,105287,1,100,100.0,0.0
0,5,0.0,5,10,194,80724,1,100,100.0,0.0
0,5,0.0,5,10,195,50777,1,100,100.0,0.0
0,5,0.0,5,10,196,77432,1,100,100.0,0.0
0,5,0.0,5,10,197,70049,1,100,100.0,0.0
0,5,0.0,5,10,198,58766,1,100,100.0,0.0
0,5,0.0,5,10,199,90181,1,100,100.0,0.0
